,time_step,hour_of_day,day_of_week,is_weekend,is_peak_hour,acn_sessions_count,acn_total_kwh,acn_avg_kwh_per_session,acn_base_revenue,urban_mean_utilization,total_volume,rolling_3h_volume,queue_length_proxy,occupancy_density,count,fast_count,CBD,dynamic_pricing
count,168.0,168.0,168.0,168.0,168.0,168.0,168.0,168.0,168.0,168.0,168.0,168.0,168.0,168.0,168.0,168.0,168.0,168.0
mean,83.5,11.5,3.0,0.2857142857142857,0.25,89.2797619047619,803.7379954339099,9.136803696745263,12056.06993150865,0.41892380882493235,465921.08288988704,36.72393889217166,5.445381204490512e-06,10.220031809706626,73.12145748987855,8.323886639676115,0.0,0.0
std,48.641546028061235,6.942880728802077,2.005979086583004,0.4531044894476004,0.4343072121102964,100.2416795475108,916.5384960596933,2.5502629919661683,13748.077440895398,0.05988772465283218,142997.15372006077,9.381099827014985,1.821619116421855e-05,1.1896904527072671,1.4253338680582344e-14,1.781667335072793e-15,0.0,0.0
min,0.0,0.0,0.0,0.0,0.0,1.0,5.232718040620085,3.2616666666666667,78.49077060930128,0.3322350341367273,243555.377083525,22.926783524087043,0.0,8.387008535823574,73.12145748987854,8.323886639676113,0.0,0.0
25%,41.75,5.75,1.0,0.0,0.0,18.75,232.0845,7.763243356481482,3481.2675,0.3619960111220593,347513.5152228155,29.48032445657166,0.0,9.11192955802854,73.12145748987854,8.323886639676113,0.0,0.0
50%,83.5,11.5,3.0,0.0,0.0,74.0,602.3203660394297,9.032077970270041,9034.805490591445,0.40368390835724594,438117.89749976003,33.07457321898799,0.0,9.931103953028007,73.12145748987854,8.323886639676113,0.0,0.0
75%,125.25,17.25,5.0,1.0,0.25,106.5,952.6523483893368,10.228899948396045,14289.785225840053,0.4776989680446531,594084.4041110605,46.75024268114505,0.0,11.345629573722956,73.12145748987854,8.323886639676113,0.0,0.0
max,167.0,23.0,6.0,1.0,1.0,512.0,5106.731917332693,24.849,76600.9787599904,0.5218703324041679,792771.577082005,54.33625307047905,7.785736530675797e-05,12.160179431242684,73.12145748987854,8.323886639676113,0.0,0.0
