,time_step,hour_of_day,day_of_week,is_weekend,is_peak_hour,acn_sessions_count,acn_total_kwh,acn_avg_kwh_per_session,acn_base_revenue,urban_mean_utilization
count,168.0,168.0,168.0,168.0,168.0,168.0,168.0,168.0,168.0,168.0
mean,83.5,11.5,3.0,0.2857142857142857,0.25,89.2797619047619,803.7379954339099,9.136803696745263,12056.06993150865,0.8925381925353225
std,48.641546028061235,6.942880728802077,2.005979086583004,0.4531044894476004,0.4343072121102964,100.2416795475108,916.5384960596933,2.5502629919661683,13748.077440895398,0.07146596312112888
min,0.0,0.0,0.0,0.0,0.0,1.0,5.232718040620085,3.2616666666666667,78.49077060930128,0.7428119616709733
25%,41.75,5.75,1.0,0.0,0.0,18.75,232.0845,7.763243356481482,3481.2675,0.8378404150540948
50%,83.5,11.5,3.0,0.0,0.0,74.0,602.3203660394297,9.032077970270041,9034.805490591445,0.9021002710027102
75%,125.25,17.25,5.0,1.0,0.25,106.5,952.6523483893368,10.228899948396045,14289.785225840053,0.9569597069597068
max,167.0,23.0,6.0,1.0,1.0,512.0,5106.731917332693,24.849,76600.9787599904,1.0
